{
  "Sites": {
    "SSS_UAE": "https://ov-dev-en-ae.sssports.com/on/demandware.store/Sites-UAE-Site/en_AE/Home-Show",
    "SSS_KSA": "https://ov-dev-en-sa.sssports.com/home"
  },
  "LoginCreds": {
    "SSS_UAE": {
      "UserEmail": "salman.khan+uae@werplay.com",
      "UserPassword": "Test.123"
    },
    "SSS_KSA": {
      "UserEmail": "salman.khan+ksa@werplay.com",
      "UserPassword": "Test.123"
    }
  },
  "RegisterationData": {
    "SSS_UAE": {
        "Email": "salman.khan+TestUser2+UAE@werplay.com",
        "FirstName": "Test",
        "LastName": "User",
        "Password1": "Test.123",
        "Password2": "Test.123"
      }
  },
  "SKU": {
    "SSS_UAE": {
      "1": "193658648844",
      "2": "826218875694",
      "3": "193658648844"
    },
    "SSS_KSA": {
      "1": "883412740890",
      "2": "193658846295"
    }
  },
  "FluentCreds": {
    "SSS_UAE": {
      "UserName": "RETUAE_UAT_TEST_CONSOLE_VIEW_USER",
      "Password": "12345"
    }
  },
  "NewAddress": {
    "SSS_UAE":{
      "AddressLine1": "TestAddress",
      "Region": "#Dubai",
      "Area": "#Al\\ Barsha\\ 3",
      "Address": "TestAddress"
    }
  },
  "PaymentMethods": {
    "Tabby": "#tabby-installments-content ",
    "CC": "#credit-card-content",
    "COD": "#cash-on-delivery-content",
    "eWallet": "#ewallet-content"
  },
  "SSS_Payment_Creds": {
    "UAE_eWallet" : {
      "ID": "190781110199396529275",
      "Pass": "5484"
    },
    "Tabby": {
      "Phone": "500000001",
      "Email": "successful.payment@tabby.ai"
    },
    "CC": {
      "Card_Number": "4557012345678902",
      "Card_Name": "Test",
      "CVV": "123"
    }
  },




  "SSS": {
     "__COMMENT1__": "LOGIN TO ORDER PLACING AND PAYMENT METHODS",

    "Accept_Cookies": "#consent-tracking > div > div > button.affirm.btn.btn-primary.btn--affirm.js-consent-submit",

    "Select_Country_UAE": "#country-selector > div > div > div > div > div > div > div.country-list.js-country-list > ul > li:nth-child(1) > button",

    "Login_User_Icon":"body > div.page > header > div.header__wrap.js-header-wrap > nav > div.container > div > div:nth-child(3) > div > div.user > div.user.user--desktop.hidden-md-down > div > button",
    "Login_Form": "body > div.page > header > div.header__wrap.js-header-wrap > nav > div.container > div > div:nth-child(3) > div > div.user > div.user.user--desktop.hidden-md-down > div > div > a.btn.btn-dark.btn--small.js-login-show",
    "Login_Email": "loginEmail",
    "Login_Password": "loginPassword",
    "Login_Button": "#loginModal > div > div > div > div > section > form.login.js-form-login > button",

    "Search_Bar": "body > div.page > header > div.header__wrap.js-header-wrap > nav > div.container > div > div.col-lg-6.search-container > div > div > form > input.form-control.search-field.js-search-field.search__input.gtm-search-field",
    "Quantity_Select": "#quantity-pdp",
    "Quantity_Option": "#quantity-pdp > option:nth-child",

    "Add_To_Bag": "#maincontent > div.container.product.product-detail.product-wrapper.js-product-to-wishlist.js-gtm-product-id > div > div:nth-child(2) > div > div.desktop-quantity-add-to-cart > div > div > div.col-9 > div > div > button",
    "Checkout": "body > div.page > header > div.header__wrap.js-header-wrap > nav > div.container > div > div:nth-child(3) > div > div.minicart.js-minicart > div.popover.popover-bottom.popover--minicart.js-minicart-popover.show > div.container.cart > div.minicart-footer > div.row.checkout-buttons > div.col-8 > a",
    "Continue_To_Payment": "#checkout-main > div > div.col-12.col-md-4.order-summary__col > div > div > div.card-footer.order-summary__card-footer > div.next-step-button.order-summary__next-step > button.btn.btn-secondary.btn-block.submit-shipping.js-submit-shipping.m-active",
    "Select_CC": "#dwfrm_billing > div > div.payment__nav.payment-information.js-payment-information > ul > li.payment__option.payment__option--cc.js-payment-option.js-credit-card-tab > a",
    "Select_COD": "#dwfrm_billing > div > div.payment__nav.payment-information.js-payment-information > ul > li.payment__option.payment__option--cod.js-payment-option.js-cash-on-delivery-tab > a",
    "CC_3D": "#Secure3dsForm_password",
    "CC_3D_Submit": "#submit-simulator",
    "Select_eWallet": "#dwfrm_billing > div > div.payment__nav.payment-information.js-payment-information > ul > li.payment__option.payment__option--ewallet.js-payment-option.js-ewallet-tab.js-split-payment-blocked > a",
    "Add_eWallet": "#ewallet-content > div.ewallet__info.js-ewallet-info > button",
    "eWallet_Number": "#ewalletCardNumber",
    "eWallet_Pin": "#ewalletCardPin",
    "eWallet_Submit": "#ewalletModal > div > div > div.modal-body > button",

    "Select_First_Card": "#credit-card-content > fieldset > fieldset.checkout__payment-instruments.js-payment-instruments > div > div > div:nth-child(2)",
    "CVV": "#saved-payment-security-code-1",
    "Review_Order": "#checkout-main > div > div.col-12.col-md-4.order-summary__col > div > div > div.card-footer.order-summary__card-footer > div.next-step-button.order-summary__next-step > button.btn.btn-secondary.btn-block.submit-payment.gtm-submit-payment.js-submit-payment",
    "Confirm_And_Pay": "#checkout-main > div > div.col-12.col-md-4.order-summary__col > div > div > div.card-footer.order-summary__card-footer > div.next-step-button.order-summary__next-step > button.btn.btn-secondary.btn-block.place-order.js-submit-placeOrder",
    "Go_Home_Again": "body > div.page.page--checkout.js-checkout-page > header > nav > div > div > div.col-6.text-center > a > img.d-lg-none.header__logo-img",
    "Order_ID": "body > div.page.page--checkout.js-checkout-page > main > section:nth-child(3) > div > div > div > h3 > span.summary-details.order-number",

    "Select_Tabby": "#dwfrm_billing > div > div.payment__nav.payment-information.js-payment-information > ul > li.payment__option.payment__option--tabby-installments.js-payment-option.js-tabby-installments-tab.js-split-payment-blocked > a",
    "Select_Installment": "#tabby-installments-content > div.tabby-options > a > span.tabby-option-left",
    "Switch_Tabby_Frame": "#tabby-checkout > div > div.integration__iframe--aa144 > iframe",
    "Tabby_Phone": "#embed-tabby-checkout > div > div.Layout__page--b941b > div.FirstScreen__panel--cd69b > div:nth-child(1) > div.InputLiteGroup__container--aaa0f.FirstScreen__inputLiteGroup--fdad1 > div:nth-child(1) > input",
    "Tabby_Email": "#embed-tabby-checkout > div > div.Layout__page--b941b > div.FirstScreen__panel--cd69b > div:nth-child(1) > div.InputLiteGroup__container--aaa0f.FirstScreen__inputLiteGroup--fdad1 > div:nth-child(2) > input",
    "Tabby_Proceed": "#embed-tabby-checkout > div > div.Layout__page--b941b > div.FirstScreen__panel--cd69b > div:nth-child(1) > button",
    "Tabby_OTP1": "#embed-tabby-checkout > div > div.Layout__page--b941b > div.OneTimePasswordConfirmation__container--cd875 > div.OneTimePasswordConfirmation__inner--f8fa8.Layout__belt--d67b1 > div.OneTimePasswordConfirmation__codeForm--ec139 > div.OneTimePassword__codeForm--f1d7f.FieldOneTimePassword__container--e8af7 > div.FieldOneTimePassword__fields--b7f7a > div > div > input[type=text]:nth-child(1)",
    "Tabby_OTP2": "#embed-tabby-checkout > div > div.Layout__page--b941b > div.OneTimePasswordConfirmation__container--cd875 > div.OneTimePasswordConfirmation__inner--f8fa8.Layout__belt--d67b1 > div.OneTimePasswordConfirmation__codeForm--ec139 > div.OneTimePassword__codeForm--f1d7f.FieldOneTimePassword__container--e8af7 > div.FieldOneTimePassword__fields--b7f7a > div > div > input[type=text]:nth-child(2)",
    "Tabby_OTP3": "#embed-tabby-checkout > div > div.Layout__page--b941b > div.OneTimePasswordConfirmation__container--cd875 > div.OneTimePasswordConfirmation__inner--f8fa8.Layout__belt--d67b1 > div.OneTimePasswordConfirmation__codeForm--ec139 > div.OneTimePassword__codeForm--f1d7f.FieldOneTimePassword__container--e8af7 > div.FieldOneTimePassword__fields--b7f7a > div > div > input[type=text]:nth-child(3)",
    "Tabby_OTP4": "#embed-tabby-checkout > div > div.Layout__page--b941b > div.OneTimePasswordConfirmation__container--cd875 > div.OneTimePasswordConfirmation__inner--f8fa8.Layout__belt--d67b1 > div.OneTimePasswordConfirmation__codeForm--ec139 > div.OneTimePassword__codeForm--f1d7f.FieldOneTimePassword__container--e8af7 > div.FieldOneTimePassword__fields--b7f7a > div > div > input[type=text]:nth-child(4)",


    "__COMMENT2__": "Registration",
    "Register_Form": "body > div.page > header > div.header__wrap.js-header-wrap > nav > div.container > div > div:nth-child(3) > div > div.user > div.user.user--desktop.hidden-md-down > div > div > a.custom-dropdown__register.text-secondary.js-desktop-register-show",
    "Register_Email": "dwfrm_profile_customer_email",
    "Register_First_Name": "dwfrm_profile_customer_firstname",
    "Register_Last_Name": "dwfrm_profile_customer_lastname",
    "Register_Password": "dwfrm_profile_login_password",
    "Register_Confirm_Password": "dwfrm_profile_login_passwordconfirm",
    "Register_Male": "#loginModal > div > div > div > div > section > form.registration.js-form-registration > div:nth-child(7) > div > label:nth-child(2)",
    "Register_Button": "#loginModal > div > div > div > div > section > form.registration.js-form-registration > button",
    "Register_MSG": "#maincontent > div.container.login-page > div > div > div > div > div.success-text",


     "__COMMENT3__": "Add to Fav",
    "Add_To_Fav": "#maincontent > div.container.product.product-detail.product-wrapper.js-product-to-wishlist.js-gtm-product-id > div > div:nth-child(2) > div > div.float-right.d-flex > div > div > a > span",
    "Product_Title1": "#maincontent > div.container.product.product-detail.product-wrapper.js-product-to-wishlist.js-gtm-product-id > div > div:nth-child(2) > div > h1 > span.product-detail__product-name.js-gtm-product-name",
    "Go_To_Fav": "body > div.page > header > div.header__wrap.js-header-wrap > nav > div.container > div > div:nth-child(3) > div > div.wishlist.js-wishlist-container > a",
    "Product_Title2": "/html/body/div[1]/main/div/div[2]/div/section/div/div/div/div[4]/div/div[3]/div[2]",


    "__COMMENT4__": "Return/Exchange",

    "Return_URL_UAE": "https://ov-dev-en-ae.sssports.com/on/demandware.store/Sites-UAE-Site/en_AE/Order-RecentOrderDetails?orderID=",

    "Create_Return_Request": "/html/body/div[1]/main/div/div[2]/div/section/div[2]/div/div/section[1]/div[1]/div[2]/button[1]",
    "Return_Continue": "#returnRequestNoteModal > div > div > div.modal-footer > button",
    "Return_Quantity": "#qty-0 > option:nth-child(2)",
    "Return_Reason": "#reason-0 > option:nth-child(2)",
    "Return_Resolution": "#resolution-0 > option:nth-child(2)",
    "Refund_To_eWallet": "#maincontent > div > div.container.container--account > div > section > div.account__main-body > div > div > section.account__request-items.js-request-item > div.account__order-summary > div > div > div > div.account__refund-options.js-refund-options > div:nth-child(2) > div > label",
    "Refund_To_CC": "#maincontent > div > div.container.container--account > div > section > div.account__main-body > div > div > section.account__request-items.js-request-item > div.account__order-summary > div > div > div > div.account__refund-options.js-refund-options > div:nth-child(3) > div > label",
    "Exchange_Resolution": "#resolution-0 > option:nth-child(3)",
    "Return_Pickup_Address": "#maincontent > div > div.container.container--account > div > section > div.account__main-body > div > div > section.account__request-items.js-request-item > div.account__request-action.account__request-action--address > button",
    "Return_Select_Address": "#maincontent > div > div.container.container--account > div > section > div.account__main-body > div > div > section.account__request-address.js-pickup-address > div.account__request-address-saved.js-request-address-saved-list > div:nth-child(2) > div > div:nth-child(1)",
    "Return_Proceed": "#maincontent > div > div.container.container--account > div > section > div.account__main-body > div > div > section.account__request-address.js-pickup-address > div.account__request-action.account__request-action--next.js-request-actions > div > div.col-sm-6.d-flex.align-items-center.justify-content-end > button",
    "Return_Submit": "#maincontent > div > div.container.container--account > div > section > div.account__main-body > div > div > section.account__request-items.js-request-item > div.account__request-action.account__request-action--submit > button",
    "Return_MSG": "#maincontent > div > div.container.container--account > div > section > div.account__main-body > div > div > div > div.account__request-complete-text > p:nth-child(1)",
    "Exchange_Size": "#size-0 > option:nth-child(2)",
    "Exchange_MSG": "#maincontent > div > div.container.container--account > div > section > div.account__main-body > div > div > div > div.account__request-complete-text > p:nth-child(1)",
    "Return_Order_ID": "#maincontent > div > div.container.container--account > div > section > div.account__main-body > div > div > div > div.account__request-complete-text > p:nth-child(2) > strong",

    "__COMMENT5__": "Add New Address",
    "Go_To_Address_Book": "#maincontent > div > div.container.container--account > div > aside > div:nth-child(2) > div:nth-child(1) > nav > div > a:nth-child(3) > span.account__nav-link-text",
    "Add_Address": "#maincontent > div > div.container.container--account > div > section > div.account__main-body > div > a",
    "Address_Line1": "dwfrm_address_address1",
    "Region": "#Dubai",
    "Area":"#Al\\ Barsha\\ 1",
    "Address_ID": "dwfrm_address_addressId",
    "Save_Address": "#dwfrm_address > div.address-form__actions > div > div:nth-child(2) > div > div > button",

    "__COMMENT6__": "SSS POINTS COLLECITON",
    "Order_Page_URL": "https://ov-dev-en-ae.sssports.com/on/demandware.store/Sites-UAE-Site/en_AE/Order-Details?orderID=",
    "Collect": "#maincontent > div > div.container.container--account > div > section > div.account__main-body > div > div.account__order.js-account-order > div.account__order-info-summary > div.account__order-info > div.account__order-info-action > div > button",
    "Checkbox": "//span[@class='collected-mark']",
    "Collect_Button": "#cashBackPointsCollectModal > div > div > div.modal-body > button",
    "Verify_Label": "#maincontent > div > div.container.container--account > div > section > div.account__main-body > div > div.account__order.js-account-order > div.account__order-info-summary > div.account__order-info > div.account__order-info-action > div > div > span",

    "__COMMENT7__": "Payment Methods Addition",
    "Add_Payment_Method_URL": "https://ov-dev-en-ae.sssports.com/on/demandware.store/Sites-UAE-Site/en_AE/PaymentInstruments-AddPayment",
    "Add_CC_Method": "#maincontent > div > div.container.container--account > div > section > div.account__main-body > div > div > div.payment__nav.js-account-payment-information > ul > li.payment__option.js-payment-option.js-credit-card-tab > a",
    "Card_Number": "#cardNumber",
    "Card_Name": "#cardOwner",
    "Expiry_Month_Select": "#expirationMonth",
    "Expiry_Month_Option": "#\\30 5",
    "Expiry_Year_Select": "#expirationYear",
    "Expiry_Year_Option": "#\\32 025",
    "Card_CVV": "#securityCode",
    "Card_Submit": "#\\\"dwfrm_creditCard\\\" > fieldset > div.row.justify-content-end > div:nth-child(2) > div > button",

    "Add_eWallet_Method": "#maincontent > div > div.container.container--account > div > section > div.account__main-body > div > div > div.payment__nav.js-account-payment-information > ul > li.payment__option.js-payment-option.js-ewallet-tab > a",
    "Add_SSS_eWallet": "#ewallet-content > div.ewallet__info.js-ewallet-info > button",
    "eWallet_Card_Number": "#ewalletCardNumber",
    "eWallet_Card_Pin": "#ewalletCardPin",
    "eWallet_Submit_Button": "#ewalletModal > div > div > div.modal-body > form > button",

    "__COMMENT8__": "MAKE CART EMPTY",
    "View_Bag": "//a[@data-gtm-click='viewBag']",
    "Delete_Items_Button": "#maincontent > div.container.cart.cart-page.js-cart-page > div.row > div.col-lg-7.cart-page__product-cards > div.cart-page__product-cards-wrapper > div > div.row > div > div > div.col-8.col-sm-9.position-static > div > div.product-actions > div.product-actions__buttons > button > span",
    "Remaining_Items": "//h3[@class='number-of-items js-number-of-items']"

  },

  "Fluent": {
    "URL": "https://sssuat.sandbox.console.fluentretail.com/#/orders",
    "User_UAE": "#username-input",
    "User_UAE_Value": "RETUAE_UAT_TEST_CONSOLE_VIEW_USER",
    "Password": "#password-input",
    "Password_Value": "12345",
    "Login_Button": "#login-form > p > button",

    "Search_Bar": "/html/body/div/div/div/div/div[2]/div/div/div/div/div/div/div/div[1]/div/div/div[3]/div[1]/input",
    "Click_Order_ID": "/html/body/div/div/div/div/div[2]/div/div/div/div/div/div/div/div[2]/div/div/table/tbody/tr/td[1]/a",
    "Go_to_Fulfilments": "#content > div > div.container > div > div > div > div:nth-child(1) > button:nth-child(2) > div > div",
    "Wave_Status": "/html/body/div/div/div/div/div[2]/div/div/div/div/div[2]/div/div/div/div[3]/div[2]/div/div/div/div[2]/table/tbody/tr[1]/td[2]/span",
    "Refresh": "#page-header > div.cluster > button",
    "Fulfilment_Loc": "/html/body/div/div/div/div/div[2]/div/div/div/div/div[2]/div/div/div/div[3]/div[2]/div/div/div/div[2]/table/tbody/tr[1]/td[4]/span",
    "Destination_Loc": "/html/body/div/div/div/div/div[2]/div/div/div/div/div[2]/div/div/div/div[3]/div[2]/div/div/div/div[2]/table/tbody/tr[1]/td[5]/span",

    "Click_Ful_ID": "/html/body/div/div/div/div/div[2]/div/div/div/div/div[2]/div/div/div/div[3]/div[2]/div/div/div/div[2]/table/tbody/tr[1]/td[1]/a",
    "Wave_ID": "/html/body/div/div/div/div/div[2]/div/div/div/div/div[2]/div/div/div[6]/div/div[2]/table/tbody/tr[2]/td[3]/span",

    "Order_Status": "//td[3]/span[@class='dynamic-value']",

    "___COMMENT1_": "CHECK STOCK FOR CORESSPONDING SKU",
    "Check_Stock_URL": "https://sssuat.sandbox.console.fluentretail.com/#/virtualCatalogue/VC:BASE?virtualPositionRef[]=",
    "Select_100_Menu": "#content > div > div.container > div > div > div:nth-child(4) > div > div:nth-child(2) > div > span.table-pagination-per-page > div > select",
    "Select_100_Option": "#content > div > div.container > div > div > div:nth-child(4) > div > div:nth-child(2) > div > span.table-pagination-per-page > div > select > option:nth-child(4)"


  },

  "Service_Point":{
    "URL": "https://sssuat.sandbox.servicepoint.fluentretail.com/#/pickandpack",
    "User": "/html/body/div/div/div/div/div/div/div/div/div/form/div[1]/input",
    "Password": "/html/body/div/div/div/div/div/div/div/div/div/form/div[2]/input",
    "Login_Button": "/html/body/div/div/div/div/div/div/div/div/div/form/p/button/span",


    "Count_Waves": "/html/body/div/div/div/div/div[2]/div/div[1]/div/div/div[1]/div/div/div[1]/table/tbody/tr/td[2]",
    "Wave_Menu": "//select[@class='mdl-textfield__input drop-down-icon']",
    "Wave_Select": "//select/option[@value='1']",
    "Wave_Button": "//button[@data-upgraded=',MaterialButton,MaterialRipple']",
    "Confirm_Item1": "#content > div > div > div > div.pickandpack-body > div.actionbar > div.ab-buttons > div > button",
    "Confirm_Item2": "#dialog > div > div.action-buttons > button",
    "Order_ID": "/html/body/div/div/div/div/div[2]/div/div[1]/div/div/div/div[2]/div[1]/table/tbody/tr/td[2]",
    "Book_Courier1": "#content > div > div > div > div.pickandpack-body > div.actionbar > div.ab-buttons > div > button",
    "Book_Courier2": "#dialog > div > div.action-buttons > button",
    "Label_Title": "#site-header > div:nth-child(2) > div > div > span:nth-child(1)",
    "Download_Label": "#content > div > div > div > div.wave-label-list-body > div > div.actionbar > div.ab-buttons > div > button",
    "Go_Back": "//li[@data-reactid=\".0.0.3.4.0.1.$#/pickandpack\"]",


    "Courier_Collect": "#sidebar > nav > ul > li:nth-child(3) > a",
    "Courier_CheckAll": "#courier-collections-successful > thead > tr > th.heading-selectall > label > span.mdl-checkbox__ripple-container.mdl-js-ripple-effect.mdl-ripple--center",
    "Collect_Button": "#content > div > div > div > div > div:nth-child(2) > div > div > div > div.table-pagination > span.pagination-button.bulk-action-button > button"

  },

  "Shipsy": {
    "URL": "https://gmggroup.demo.shipsy.io/login",
    "User": "#loginUsername",
    "Password": "#loginPassword",
    "Login": "#loginButton",

    "__COMMENT5__": "DELIVERY",
    "Delivery_URL": "https://gmggroup.demo.shipsy.io/ops/crm-view/crm",
    "Dropdown": "//span[@title='Consignment No.']",
    "Select_By_Customer_Reference": "//div[@title='Customer Reference Number']",
    "Search_Bar": "//input[@class='ant-input']",
    "CheckBox": "#root > div > div.t-contentDiv-0-3-20 > div > div.t-tableContainer-0-3-38 > div:nth-child(3) > div.t-tableParent-0-3-128 > div > div > div > div > div > div.ant-table-body > table > tbody > tr.ant-table-row.ant-table-row-level-0 > td.ant-table-cell.ant-table-cell-fix-left.ant-table-cell-fix-left-last > a",
    "Action": "//button[@class='ant-btn ant-dropdown-trigger t-actionButton-0-3-136']",
    "Mark_Delivered": "//li[3][@class='ant-dropdown-menu-item ant-dropdown-menu-item-only-child']",
    "Ok": "//button[@class='ant-btn ant-btn-primary']",

    "__COMMENT6__": "RETURN PROCESSING",
    "Select_Hub": "#hubSearch",
    "Select_Test_Hub": "body > div:nth-child(10) > div > div > div > div.rc-virtual-list > div.rc-virtual-list-holder > div > div > div > div",
    "Unplanned": "//div/div[2][@class='ant-tabs-tab']",
    "More_Filters": "#rc-tabs-0-panel-logistics_express_unplanned > div > div:nth-child(1) > div > div.Component-mainDiv-0-3-170 > form > div.ant-row.ant-form-item.Component-actionButtons-0-3-171 > div > div > div > button:nth-child(1)",
    "Search_By_Customer_Reference": "/html/body/div[1]/div/div[1]/div/div[2]/div[2]/div/div[2]/div/div[1]/div/div[1]/div/div/form/div[2]/div[11]/div[2]/div/div/div/div/span[1]/input",
    "Apply_Button": "#rc-tabs-0-panel-logistics_express_unplanned > div > div:nth-child(1) > div > div.Component-mainDiv-0-3-170 > div > div > form > div.ant-row.ant-form-item > div > div > div > div > div:nth-child(1) > button.ant-btn.ant-btn-primary",
    "Checkbox2": "#rc-tabs-0-panel-logistics_express_unplanned > div > div.n-tableContainer-0-3-155 > div > div.t-tableParent-0-3-213 > div > div > div > div > div > div.ant-table-body > table > tbody > tr.ant-table-row.ant-table-row-level-0 > td.ant-table-cell.ant-table-selection-column.ant-table-cell-fix-left > label",
    "Create_Route": "#rc-tabs-0-panel-logistics_express_unplanned > div > div:nth-child(1) > div > div.n-searchUploadDiv-0-3-151 > div > div > button:nth-child(1)",
    "Selected": "//ul/li[3][@role='menuitem']",
    "Yes_Button": "//button[@class='ant-btn ant-btn-primary']"

  }


}